"nombreCompleto"|"ciudad"|"telefono"|"correoElectronico"|"fechaRegistro"|"estado"|"cantidadEstablecimientos"|"totalIngresos"|"cantidadEmpleados"
"Comerciante 1"|"Bogotá"|"111111111"|"com1@example.com"|"2025-01-24T01:54:35.966Z"|"Activo"|"1"|"100000.50"|"10"
"Comerciante 10"|"Bogotá"|"123456789"|"com10@example.com"|"2025-01-24T01:54:35.966Z"|"Activo"|"0"|"0"|"0"
"Comerciante 2"|"Cartagena"|"222222222"|"com2@example.com"|"2025-01-24T01:54:35.966Z"|"Activo"|"1"|"250000.00"|"15"
"Comerciante 3"|"Barranquilla"|"333333333"|"com3@example.com"|"2025-01-24T01:54:35.966Z"|"Activo"|"1"|"30000.75"|"5"
"Comerciante 4"|"Bogotá"|"444444444"|"com4@example.com"|"2025-01-24T01:54:35.966Z"|"Activo"|"1"|"450000.00"|"20"
"Comerciante 5"|"Bogotá"|"555555555"|"com5@example.com"|"2025-01-24T01:54:35.966Z"|"Activo"|"1"|"125000.40"|"8"
"Comerciante 6"|"Cali"|"666666666"|"com6@example.com"|"2025-01-24T01:54:35.966Z"|"Activo"|"1"|"210000.00"|"12"
"Comerciante 7"|"Bogotá"|"777777777"|"com7@example.com"|"2025-01-24T01:54:35.966Z"|"Activo"|"2"|"505000.25"|"29"
"Comerciante 8"|"Bogotá"|"888888888"|"com8@example.com"|"2025-01-24T01:54:35.966Z"|"Activo"|"1"|"175000.00"|"9"
"Comerciante 9"|"Bogotá"|"999999999"|"com9@example.com"|"2025-01-24T01:54:35.966Z"|"Activo"|"1"|"50000.00"|"4"
"Gerson Saenz"|"Bogota"|"3142540356"|"lamed.saenz@gmail.com"|"2025-01-24T01:40:18.950Z"|"Activo"|"0"|"0"|"0"
"LamEd Camacho"|"Bogotá"|"31425403550"|"lamed1.saenz2@gmail.com"|"2025-01-26T21:15:11.390Z"|"Activo"|"0"|"0"|"0"